Model,precision,recall,f1,pr_auc,roc_auc,threshold_used
"XGBoost (weighted, tuned threshold)",0.4,0.8979591836734694,0.5534591194968553,0.8727247933674632,0.9691835442674537,0.0034564686939120293
XGBoost (weighted),0.8901098901098901,0.826530612244898,0.8571428571428571,0.8727247933674632,0.9691835442674537,0.5
Random Forest (SMOTE),0.8163265306122449,0.8163265306122449,0.8163265306122449,0.8677902925456846,0.9688299436966684,0.5
Random Forest (baseline),0.9411764705882353,0.8163265306122449,0.8743169398907104,0.8607506769591988,0.952793291979144,0.5
Random Forest (weighted),0.9186046511627907,0.8061224489795918,0.8586956521739131,0.8501966632467751,0.9518438372113054,0.5
XGBoost (baseline),0.896551724137931,0.7959183673469388,0.8432432432432433,0.7813171412660339,0.9219230021074272,0.5
Logistic Regression (baseline),0.8289473684210527,0.6428571428571429,0.7241379310344828,0.7439486441557351,0.9572835078037969,0.5
Logistic Regression (SMOTE),0.05813953488372093,0.9183673469387755,0.10935601458080195,0.7248611768135256,0.9698482164390798,0.5
Logistic Regression (weighted),0.060851926977687626,0.9183673469387755,0.11414077362079898,0.7189463752156903,0.9721669425367221,0.5
Autoencoder,0.013073794305636257,0.9183673469387755,0.025780578630764824,0.5595239984377514,0.9647178229761234,0.5
Isolation Forest,0.03670546105640107,0.8367346938775511,0.07032590051457976,0.1915817001190566,0.9536498828569131,0.5
